{"cameraMode":{"drawMode":0,"name":"Shaded","section":"Shading Mode"},"sceneLighting":false,"audioPlay":false,"sceneViewState":{"m_AlwaysRefresh":false,"showFog":false,"showSkybox":false,"showFlares":false,"showImageEffects":false,"showParticleSystems":false,"showVisualEffectGraphs":true,"m_FxEnabled":true},"in2DMode":false,"pivot":{"x":-0.014944534748792649,"y":-0.026266157627105714,"z":-0.017233330756425859},"rotation":{"x":0.12534789741039277,"y":-0.41327357292175295,"z":0.05733957886695862,"w":0.8998774290084839},"size":0.09767758101224899,"orthographic":false}