{"cameraMode":{"drawMode":0,"name":"Shaded","section":"Shading Mode"},"sceneLighting":false,"audioPlay":false,"sceneViewState":{"m_AlwaysRefresh":false,"showFog":false,"showSkybox":false,"showFlares":false,"showImageEffects":false,"showParticleSystems":false,"showVisualEffectGraphs":true,"m_FxEnabled":true},"in2DMode":false,"pivot":{"x":-0.20477363467216493,"y":1.4582816362380982,"z":0.8846635818481445},"rotation":{"x":-0.012028590776026249,"y":0.9847009778022766,"z":-0.1569022834300995,"w":-0.06729578971862793},"size":1.846276044845581,"orthographic":false}