{"cameraMode":{"drawMode":0,"name":"Shaded","section":"Shading Mode"},"sceneLighting":true,"audioPlay":false,"sceneViewState":{"m_AlwaysRefresh":false,"showFog":true,"showSkybox":true,"showFlares":true,"showImageEffects":true,"showParticleSystems":true,"showVisualEffectGraphs":true,"m_FxEnabled":true},"in2DMode":false,"pivot":{"x":0.6691407561302185,"y":11.689559936523438,"z":-26.207561492919923},"rotation":{"x":-0.04739563167095184,"y":0.09866590797901154,"z":-0.005021150689572096,"w":-0.9936864376068115},"size":2.5716018676757814,"orthographic":false}