{"cameraMode":{"drawMode":0,"name":"Shaded","section":"Shading Mode"},"sceneLighting":true,"audioPlay":false,"sceneViewState":{"m_AlwaysRefresh":false,"showFog":true,"showSkybox":true,"showFlares":true,"showImageEffects":true,"showParticleSystems":true,"showVisualEffectGraphs":true,"m_FxEnabled":true},"in2DMode":false,"pivot":{"x":9.066840171813965,"y":6.261188507080078,"z":-14.533479690551758},"rotation":{"x":-0.015026773326098919,"y":0.34784621000289919,"z":-0.006026136688888073,"w":-0.9370055794715881},"size":0.7084317803382874,"orthographic":false}