{"cameraMode":{"drawMode":0,"name":"Shaded","section":"Shading Mode"},"sceneLighting":false,"audioPlay":false,"sceneViewState":{"m_AlwaysRefresh":false,"showFog":true,"showSkybox":false,"showFlares":true,"showImageEffects":true,"showParticleSystems":true,"showVisualEffectGraphs":true,"m_FxEnabled":true},"in2DMode":false,"pivot":{"x":-10.530914306640625,"y":0.40000030398368838,"z":-11.534330368041993},"rotation":{"x":-0.15735481679439546,"y":0.01435306016355753,"z":-0.0010786722414195538,"w":-0.9868732690811157},"size":1.6454509496688843,"orthographic":false}