{"cameraMode":{"drawMode":0,"name":"Shaded","section":"Shading Mode"},"sceneLighting":false,"audioPlay":false,"sceneViewState":{"m_AlwaysRefresh":false,"showFog":true,"showSkybox":false,"showFlares":true,"showImageEffects":true,"showParticleSystems":true,"showVisualEffectGraphs":true,"m_FxEnabled":true},"in2DMode":false,"pivot":{"x":15.118997573852539,"y":0.566687285900116,"z":-7.465304374694824},"rotation":{"x":-0.0013744308380410076,"y":-0.870510995388031,"z":0.0030232416465878488,"w":-0.49174144864082339},"size":8.33524227142334,"orthographic":false}